Nr.;Frage;Antwort;Schwierigkeit
1;Wie heißt der grüne Klempner und Zwillingsbruder von Super Mario?;Luigi;Einfach
2;Auf welcher legendären Map wird im eSport-Klassiker Counter-Strike am häufigsten gespielt?;de_dust2 (Dust II);Einfach
3;Welches Klötzchenspiel ist das meistverkaufte Videospiel aller Zeiten?;Minecraft;Einfach
4;"Welches MOBA-Spiel hat das größte jährliche Preisgeld beim eSport-Turnier ""The International""?";Dota 2;Einfach
5;Wie nennt man das Haupt-Spielfeld, auf dem die eSport-Matches in League of Legends ausgetragen werden?;Summoner's Rift (Kluft der Beschwörer);Einfach
6;Welches Echtzeit-Strategiespiel von Blizzard dreht sich um den Konflikt zwischen Terranern, Protoss und Zerg?;StarCraft;Einfach
7;Wie heißt der ikonische Hauptcharakter der Halo-Reihe?;Master Chief;Einfach
8;"Was bedeutet das universelle eSport-Kürzel ""GG"", das man am Ende eines Matches schreibt?";Good Game;Einfach
9;Welches gelbe Elektro-Monster ist das weltweite Maskottchen der Pokémon-Reihe?;Pikachu;Einfach
10;"Aus welchem physikbasierten Rätselspiel von Valve stammt der berühmte Satz ""The cake is a lie""?";Portal;Einfach
11;Was müssen die Terroristen (T-Seite) in Counter-Strike auf einem Bombspot platzieren, um die Runde zu gewinnen?;Das C4 (Die Bombe);Einfach
12;Welches polnische Entwicklerstudio feierte mit The Witcher 3: Wild Hunt seinen internationalen Durchbruch?;CD Projekt Red;Einfach
13;Wer ist der stachelige Schildkröten-Endgegner in fast allen Super Mario-Spielen?;Bowser;Einfach
14;Welches Mobile-Game löste einen weltweiten Hype aus, bei dem Spieler draußen virtuelle Monster fangen mussten?;Pokémon GO;Einfach
15;Wie nennt man den klassischen Shooter-Modus, in dem es keine Teams gibt und jeder gegen jeden kämpft?;Deathmatch (Free for All);Einfach
16;Aus welchem Land stammte der Programmierer Alexei Paschitnow, der 1984 Tetris erfand?;Sowjetunion (Russland);Einfach
17;Welcher Taktik-Shooter von Riot Games gilt als der modernste, direkte Konkurrent zu Counter-Strike?;Valorant;Einfach
18;Wie heißt die weltberühmte, Grabmäler erforschende Heldin aus der Tomb Raider-Reihe?;Lara Croft;Einfach
19;Was sammelt Sonic der Igel hauptsächlich in seinen Spielen, um bei gegnerischem Kontakt nicht sofort zu sterben?;Ringe;Einfach
20;In welchem Battle-Royale-Spiel von Epic Games kann man Wände und Rampen bauen, während man kämpft?;Fortnite;Einfach
21;"Welches Kampfspiel-Franchise ist berühmt für seine extrem brutalen Finisher namens ""Fatality!""?";Mortal Kombat;Einfach
22;Wie heißt das stärkste und beliebteste Sturmgewehr der Terroristen in der Counter-Strike-Serie?;AK-47;Einfach
23;Wie heißt das langlebige Simulationsspiel, in dem man virtuelle Häuser baut und das Leben von Menschen steuert?;Die Sims;Einfach
24;Welches tragbare Nintendo-Gerät aus den Spätachtzigern machte Tetris im Westen erst richtig populär?;Game Boy;Einfach
25;Welche Granate kauft man in Counter-Strike, um die Sichtlinie des Gegners mit einer grauen Wolke komplett zu blockieren?;Rauchgranate (Smoke);Einfach
26;Wie nennt man ein eSport-Match, bei dem ein Team zwei von drei gespielten Maps gewinnen muss, um zu siegen?;Best of 3 (Bo3);Einfach
27;Wie nennt man im Gaming-Jargon das absichtliche Verlieren oder Sabotieren eines laufenden Spiels?;Throwen (Griefing / Inting);Einfach
28;Welcher Publisher ist für gigantische jährliche Sportspiel-Reihen wie EA Sports FC (ehemals FIFA) verantwortlich?;Electronic Arts (EA);Einfach
29;"Welches Auto-Fußball-Spiel hat mit der ""RLCS"" eine eigene, weltweit extrem erfolgreiche eSport-Liga?";Rocket League;Einfach
30;Wie nennt man den Betrag an In-Game-Währung, den man in MOBAs wie LoL pro Sekunde völlig automatisch erhält?;Passives Gold;Einfach
31;Wie heißt das lila Drachen-Maskottchen von PlayStation, das mit seinen Hörnern rammen und Feuer speien kann?;Spyro;Einfach
32;Wie nennt man im Rollenspiel- und MMO-Bereich das Erreichen der maximalen Stufe eines Charakters?;Max Level (Level Cap);Einfach
33;Welches Zubehörteil benötigt man zwingend, um Spiele wie Half-Life: Alyx überhaupt spielen zu können?;VR-Headset (VR-Brille);Einfach
34;Wie heißt die pixelige, rosa gekleidete Helferin, die in jedem Pokémon-Center deine Kreaturen heilt?;Schwester Joy;Einfach
35;Welches kostenlose Online-Kartenspiel von Blizzard basiert komplett auf den Charakteren des Warcraft-Universums?;Hearthstone;Einfach
36;"Welcher legendäre südkoreanische League of Legends-Spieler trägt den ehrfürchtigen Spitznamen ""Unkillable Demon King""?";Faker (Lee Sang-hyeok);Mittel
37;Welches schwedische CS:GO-Team hielt in der Frühphase des Spiels eine historische LAN-Siegesserie von 87-0 Maps?;Ninjas in Pyjamas (NiP);Mittel
38;Wie heißt der In-Game-Leader (IGL), der das dänische Team Astralis zu vier CS:GO Major-Titeln führte?;gla1ve (Lukas Rossander);Mittel
39;"In welchem eSport-Klub erlangte der ukrainische Ausnahmespieler ""s1mple"" weltweiten Ruhm als bester AWPer?";Natus Vincere (Na'Vi);Mittel
40;Welches Echtzeit-Strategiespiel von Blizzard bot die technische Editor-Basis für die allererste DotA-Modifikation?;Warcraft III;Mittel
41;"Was versteht man unter ""Kiting"" (oder Orb-Walking) bei Fernkampf-Charakteren in MOBAs?";Angreifen im flüssigen Rückwärtsbewegen, um Distanz zum Gegner zu halten;Mittel
42;Welches Item verleiht einem League of Legends-Champion nach dem virtuellen Tod eine sofortige Wiederbelebung im Kampf?;Guardian Angel (Schutzengel);Mittel
43;"Welcher StarCraft-Profi wird wegen seiner unvergleichlichen mechanischen Dominanz in Brood War auch ""The Flash"" genannt?";Lee Young-ho (Flash);Mittel
44;Wie nennt man die Taktik in Counter-Strike, bei der ein Team in einer Runde gar kein Geld ausgibt, um für die Folgerunde zu sparen?;Eco-Round (Ökorunde);Mittel
45;Wie heißt das maximale Bevölkerungslimit (Supply-Cap) für einen Spieler in einem Standardmatch von StarCraft II?;200;Mittel
46;Welches europäische eSport-Team gewann das allererste CS:GO Major-Turnier der Geschichte (DreamHack Winter 2013)?;Fnatic;Mittel
47;Welches Hauptattribut erhöht in World of Warcraft traditionell die Zaubermacht und den Manavorrat von Magiern?;Intelligenz;Mittel
48;Welcher Begriff beschreibt das Verhindern, dass der Gegner den finalen Schlag (Last Hit) auf Minions ausführt (besonders wichtig in Dota 2)?;Denying (Denien);Mittel
49;Wie heißt das mächtige lila Boss-Monster im LoL-Dschungel, dessen Eliminierung dem gesamten Team den stärksten temporären Buff gibt?;Baron Nashor;Mittel
50;Welcher deutsche eSport-Verein hat seine Wurzeln im Jahr 1997 und gehört damit zu den ältesten noch aktiven Organisationen der Welt?;SK Gaming;Mittel
52;Welcher dänische eSportler gilt als einer der erfolgreichsten Dota 2-Spieler aller Zeiten und führte das Team OG zu zwei TI-Siegen?;N0tail (Johan Sundstein);Mittel
53;Wie heißt die offizielle, höchste europäische Profiliga für den eSport-Titel League of Legends?;LEC (League of Legends EMEA Championship);Mittel
54;Welcher Begriff bezeichnet im eSport die Anzahl der Tastatur- und Mausklicks, die ein Spieler pro Minute schafft?;APM (Actions Per Minute);Mittel
55;"Was bedeutet das essenzielle Interface-Akronym ""HUD"" im Gaming-Bereich ausgeschrieben?";Heads-Up Display;Mittel
56;Welches weit verbreitete Turniersystem wird im eSport genutzt, bei dem ein Team erst nach zwei verlorenen Matches endgültig ausscheidet?;Double Elimination;Mittel
57;Wie heißt das legendäre, im Flussbett hausende Boss-Monster im Zentrum der Map von Dota 2?;Roshan;Mittel
58;Wie nennt man das psychologische Phänomen, wenn ein Spieler durch Frustration oder Pech die emotionale Kontrolle verliert und schlechter spielt?;Tilt (Tilten);Mittel
59;Welches ikonische Auto besitzt die absolute Standard-Hitbox im eSport-Hit Rocket League und wird von fast allen Profis bevorzugt?;Octane;Mittel
60;Welches südkoreanische Team tritt traditionell im rot-schwarzen Look auf und hält die meisten LoL-Weltmeisterschaftstitel?;T1 (früher SK Telecom T1);Mittel
61;"Was versteht man unter einem ""Smurf"" im kompetitiven Online-Gaming?";Ein erfahrener Profi, der mit einem neuen Account in niedrigeren Rängen gegen Anfänger spielt;Mittel
62;"Welcher Counter-Strike-Profi bekam ein permanentes In-Game-Graffiti auf der Map Mirage für seinen legendären ""Jumping AWP Quad Kill""?";coldzera (Marcelo David);Mittel
63;Wie heißt die Unterwasserstadt, in der die düstere Handlung des Shooter-Meisterwerks BioShock angesiedelt ist?;Rapture;Mittel
64;Welcher Begriff beschreibt im eSport das bewusste Verändern von Spielwerten durch Entwickler, um das Spiel fair zu halten (z.B. Abschwächen)?;Balancing (Buffen / Nerfen);Mittel
65;"In welchem bekannten MMORPG kämpfen die Fraktionen ""Allianz"" und ""Horde"" erbittert gegeneinander?";World of Warcraft (WoW);Mittel
66;"Welches eSport-Team gewann im Frühjahr 2024 das prestigeträchtige ""Intel Extreme Masters"" (IEM) Katowice im neuen Titel CS2?";Team Spirit;Mittel
67;Wie nennt man im Gaming-Jargon das direkte Wiederbelebtwerden eines Gegners direkt hintereinander an derselben Stelle im Spiel?;Spawn-Camping;Mittel
68;"Welches Spiel von Blizzard gilt als der Urvater des modernen ""Hero Shooter""-Genres und setzte auf teambasierte Payload-Kämpfe?";Overwatch;Mittel
69;Wie heißt das berühmt-berüchtigte, grüne Alien-Monster aus Minecraft, das lautlos an Spieler heranschleicht und explodiert?;Creeper;Mittel
70;"Aus welcher dystopischen RPG-Reihe stammt der ikonische ""Vault Boy"" als Maskottchen?";Fallout;Mittel
71;"Wie heißt der Mitbegründer der Firma Valve, der in der PC-Gaming-Community kultartig als ""Gaben"" verehrt wird?";Gabe Newell;Mittel
72;Welches eSport-Genre wird durch Spiele wie Street Fighter, Tekken und Super Smash Bros. repräsentiert?;Fighting Games (FGC / Prügelspiele);Mittel
73;Wie nennt man die Phase vor einem LoL- oder Dota-Match, in der Teams abwechselnd Charaktere für das Spiel sperren und auswählen?;Pick & Ban Phase (Draft);Mittel
74;Wie heißt das nützliche Utensil im kompetitiven Gaming, das das Kabel einer kabelgebundenen Maus anhebt, um Reibung auf dem Mauspad zu minimieren?;Mouse Bungee;Mittel
75;Aus welchem klassischen Stealth-Franchise stammt der glatzköpfige Profikiller Agent 47?;Hitman;Mittel
76;"Welcher finnische StarCraft II-Ausnahmespieler (Zerg) durchbrach als erster Nicht-Koreaner (""Foreigner"") die absolute südkoreanische Dominanz und gewann die GSL?";Serral (Joona Sotala);Schwer
77;Wie hießen die beiden Entwickler, die 1999 die ursprüngliche Modifikation für Half-Life programmierten, aus der später Counter-Strike entstand?;"Minh Le (""Gooseman"") und Jess Cliffe";Schwer
78;Welches Team schaffte es als einziges in der LoL-Geschichte, dreimal in Folge das Finale der World Championship zu erreichen (2015, 2016, 2017)?;SK Telecom T1;Schwer
79;Welches skandinavisch-amerikanische Star-Team dominierte das Jahr 2003 im klassischen Counter-Strike 1.6 komplett und gewann fast jedes Major-Event?;SK Gaming;Schwer
80;"Welches Team schrieb eSport-Geschichte, indem es das mit Abstand schwerste Dota 2-Turnier ""The International"" in den Jahren 2018 und 2019 hintereinander gewann?";OG;Schwer
81;Wie lautet der exakte Name der hauseigenen Physik- und Grafik-Engine von Valve, auf der Counter-Strike 2 technisch basiert?;Source 2;Schwer
82;Welcher außergewöhnliche Programmierfehler im klassischen StarCraft: Brood War erlaubte es, fliegende Mutalisken exakt auf einem einzigen Pixel zu stapeln?;Mutalisk Stacking (Muta-Stack);Schwer
83;Welches eSport-Event im Jahr 1997 gilt mit dem Hauptpreis des persönlichen Ferrari 328 GTS von John Carmack als Geburtsstunde des eSports?;Red Annihilation (Quake-Turnier);Schwer
84;"Wer gewann das legendäre Quake-Turnier ""Red Annihilation"" und gilt damit als einer der allerersten eSport-Profis der Geschichte?";"Dennis ""Thresh"" Fong";Schwer
85;Wie heißt das versteckte mathematische Bewertungssystem (nicht der sichtbare Rang), das im Hintergrund das exakte Skill-Niveau für das Matchmaking berechnet?;MMR (Matchmaking Rating) / Elo-System;Schwer
86;"Welcher japanische Kampfspiel-Profi vollbrachte das weltberühmte ""Evo Moment 37"" im Jahr 2004, indem er Ken Masters' Special perfekt parierte?";Daigo Umehara;Schwer
87;Wie hieß der exakte interne Code-Name des allerersten, spielbaren Entwicklungs-Prototyps von League of Legends im Jahr 2008?;Project Shiny;Schwer
88;Welches CS:GO Major-Turnier hält den Rekord für das längste einzelne Map-Match der Major-Geschichte (60 Runden zwischen CR4ZY und Astralis auf Dust II)?;StarLadder Berlin Major 2019;Schwer
89;Welcher Champion musste aufgrund eines irreparablen Audio- und Skill-Bugs mitten während der LoL-Weltmeisterschaft 2015 für das restliche Turnier komplett gesperrt werden?;Gragas;Schwer
90;Welches Traditionsteam gewann im März 2024 die allererste offizielle Counter-Strike 2 Major Championship im dänischen Kopenhagen?;Natus Vincere (Na'Vi);Schwer
91;"Wie hieß das erste westliche eSport-Team, das im Jahr 2019 das prestigeträchtige ""Mid-Season Invitational"" (MSI) in League of Legends gewinnen konnte?";G2 Esports;Schwer
92;"Wie heißt das exakte In-Game-Messer (Skin) in CS:GO/CS2, das durch das seltene Pattern 387 (""Blue Gem"") den höchsten jemals geschätzten Sammlerwert von über 1,5 Millionen Dollar erreichte?";Karambit Case Hardened;Schwer
93;Welcher schwedische Ex-Profi (CS 1.6) gilt als einer der brillantesten taktischen Köpfe der Shooter-Geschichte und formte als Kapitän das legendäre Fnatic-Lineup ab 2006?;cArn (Patrik Sättermon);Schwer
94;Welcher Begriff beschreibt das minimale, unabsichtliche Zeitfenster im Online-Gaming, bei dem ein Spieler aufgrund von Server-Latenzen hinter einer Wand getroffen wird?;Desync (Peeker's Advantage);Schwer
95;"Wie heißt der renommierte eSport-Preis, der jährlich in London verliehen wird und in der Gaming-Branche offiziell als die ""Oscars des eSports"" gilt?";Esports Awards;Schwer
96;Welches Spiel aus dem Jahr 1958, entwickelt von William Higinbotham auf einem Oszilloskop, gilt historisch als das allererste interaktive Videospiel überhaupt?;Tennis for Two;Schwer
98;Wie hieß das südkoreanische Profi-Team, das die eSport-Szene von Overwatch in den Anfangsjahren komplett dominierte und die ersten Apex-Seasons gewann?;Lunatic-Hai;Schwer
99;Wie wird die eSport-Taktik genannt, bei der ein Team in Counter-Strike absichtlich eine Blendgranate (Flashbang) so wirft, dass der Gegner sie erst im Moment der Detonation sieht und nicht weggucken kann?;Pop-Flash;Schwer
101;In welchem Nintendo-Prügelspiel kämpfen Pikachu, Link und Mario gegeneinander?;Super Smash Bros.;Einfach
102;Welches MMO hält seit Jahrzehnten den Rekord für die treueste Abo-Spielerschaft im Fantasy-Bereich?;World of Warcraft;Einfach
103;Wie viele Spieler befinden sich in einem klassischen eSport-Team bei Counter-Strike auf dem Feld?;5;Einfach
104;Aus welcher weltbekannten Stealth-Reihe stammt das grüne Dreifach-Nachtsichtgerät von Sam Fisher?;Tom Clancy's Splinter Cell;Einfach
105;Welches Open-World-Spiel lässt uns in die Rollen von Trevor, Michael und Franklin schlüpfen?;Grand Theft Auto V (GTA 5);Einfach
106;"Welches Spielgenre verbirgt sich hinter der Abkürzung ""RTS""?";Real-Time Strategy (Echtzeit-Strategie);Einfach
107;Wie heißt die wichtigste Währung im MOBA-Hit League of Legends, die man während eines Matches sammelt?;Gold;Einfach
108;"Welcher skandinavische Streamer hält mit seinem Kanal ""PewDiePie"" seit Jahren eine der größten Gaming-Communitys?";Felix Kjellberg;Einfach
109;Welche Farbe hat das Portal, das man mit der linken Maustaste im Spiel Portal standardmäßig schießt?;Blau;Einfach
110;Welcher bärtige Gott des Krieges zieht im PlayStation-Hit God of War mit einer Axt in die Schlacht?;Kratos;Einfach
111;Wie heißt die größte Videospiel-Vertriebsplattform für den PC, die von Valve betrieben wird?;Steam;Einfach
112;"Welches Battle-Royale-Spiel startete als Modifikation für ARMA 3 und prägte den Begriff ""Winner Winner Chicken Dinner""?";PUBG (PlayerUnknown's Battlegrounds);Einfach
113;In welchem schwedischen Bauspiel bekämpft man nachts Zombies, Skelette und Spinnen?;Minecraft;Einfach
114;Welches dänische Unternehmen ist weltberühmt für Klötzchen, hat aber auch zahlreiche Videospiele (z.B. Star Wars) lizenziert?;LEGO;Einfach
115;Welches eSport-Auto-Fußballspiel kombiniert Raketenantriebe mit gigantischen Bällen?;Rocket League;Einfach
116;Welches futuristische Rennspiel-Franchise von Nintendo ist berühmt für Captain Falcon und extreme Geschwindigkeiten?;F-Zero;Einfach
117;Wie nennt man im Gaming das unfaire Nutzen von Software, um durch Wände zu sehen?;Wallhack;Einfach
118;Welches Spiel von EA lässt dich das Leben einer virtuellen Familie im Detail simulieren?;Die Sims;Einfach
119;Wie nennt man die computergesteuerten Soldaten in LoL, die auf den Lanes marschieren?;Minions (oder Vasallen);Einfach
120;Welches schaurige Survival-Horror-Spiel von Capcom spielt im fiktiven Raccoon City?;Resident Evil;Einfach
121;"Was versteht man im eSport unter einem ""Ace""?";Ein einzelner Spieler eliminiert das gesamte gegnerische Team allein;Mittel
122;Aus welchem Warcraft-Ableger ging das gesamte MOBA-Genre (DotA) ursprünglich hervor?;Warcraft III: The Frozen Throne;Mittel
123;Welcher deutsche League of Legends-Spieler erreichte als Mid-Laner mit Fnatic das Worlds-Finale 2018?;Caps (Rasmus Winther - Hinweis: Er ist Däne, spielte aber in Europa / Alternativ: Caps);Mittel
124;Welches Team gewann das allererste League of Legends World Championship-Turnier im Jahr 2011?;Fnatic;Mittel
125;"Was bewirkt die In-Game-Mechanik des ""Bunny Hoppings"" in älteren Source-Engine-Spielen?";Höhere Fortbewegungsgeschwindigkeit durch präzises Springen;Mittel
126;Welches legendäre eSport-Turnier findet traditionell jedes Jahr in der Lanxess Arena in Köln statt?;IEM Cologne (Intel Extreme Masters);Mittel
127;Wie heißt der brennende, fliegende Drache, der das Maskottchen des Spiels Spyro ist?;Spyro;Einfach
128;"Was versteht man im eSport unter ""Macro-Gameplay""?";Das strategische Verständnis für die gesamte Karte, Rotationen und Map-Ziele;Mittel
129;Wie heißt das finnische Entwicklerstudio hinter Max Payne, Alan Wake und Control?;Remedy Entertainment;Mittel
130;Welches Counter-Strike-Team wurde durch das legendäre Lineup rund um FalleN, coldzera und TACO weltberühmt?;Luminosity Gaming / SK Gaming;Mittel
131;"Was bedeutet die Abkürzung ""RPG"" im Spielebereich?";Role-Playing Game (Rollenspiel);Einfach
132;Wie heißt der höchste Rang, den man im kompetitiven Modus von Valorant erreichen kann?;Radiant;Mittel
133;"Welcher eSport-Titel wird auf Schachtischen elektronisch als ""Auto-Battler"" gespielt und stammt von Riot Games?";Teamfight Tactics (TFT);Mittel
134;Welches Land dominierte die globale StarCraft: Brood War-Szene über zwei Jahrzehnte fast ausnahmslos?;Südkorea;Einfach
135;Wie nennt man im eSport das bewusste Abgeben von Map-Vorteilen, um an anderer Stelle ein größeres Ziel zu sichern?;Cross-Map Trade;Mittel
136;Welches Spiel knackte als erstes die Marke von über 100 Millionen gleichzeitig aktiven Spielern im Monat?;League of Legends;Mittel
137;Welcher Publisher kaufte im Jahr 2014 das Entwicklerstudio Mojang samt der Rechte an Minecraft?;Microsoft;Mittel
138;Wie heißt das legendäre Schwert, das Link in fast jedem The Legend of Zelda-Teil schwingt?;Master-Schwert;Einfach
139;"Was beschreibt die Abkürzung ""DPS"" im Kampfgeschehen?";Damage Per Second (Schaden pro Sekunde);Einfach
140;Welches rundenbasierte Strategiespiel lässt dich die Menschheitsgeschichte von der Antike bis zur Moderne durchspielen?;Sid Meier's Civilization;Mittel
141;Aus welchem Land stammt der eSport-Clan Natus Vincere ursprünglich?;Ukraine;Mittel
142;Welches Studio entwickelte die ursprüngliche Halo-Trilogie, bevor Microsoft das Franchise übernahm?;Bungie;Mittel
143;Wie nennt man den Spielmodus in Counter-Strike, bei dem man nach jedem Kill eine neue Waffe zugewiesen bekommt?;Wettrüsten (Arms Race / Gun Game);Einfach
144;Welcher League of Legends-Gegenstand entfernt alle Kontrolleffekte vom eigenen Champion und war essenziell für AD-Carrys?;Quecksilberschürze (QSS / Quicksilver Sash);Mittel
145;Wie viele Basis-Attribute besitzt ein Charakter im Klassiker Diablo II?;4 (Stärke, Geschicklichkeit, Vitalität, Energie);Mittel
146;Welches Team ist bekannt für das Logo mit dem brennenden Pferdekopf im internationalen eSport?;Team Liquid;Mittel
147;Wie heißt die fiktive Spielwelt, in der fast alle Hauptteile von Final Fantasy unabhängig voneinander spielen?;Jedes Spiel hat eine eigene Welt (z.B. Gaia, Spira, Eorzea);Mittel
148;Welcher Taktik-Shooter von Ubisoft setzt auf zerstörbare Wände und Gadgets wie Drohnen und Schilde?;Tom Clancy's Rainbow Six Siege;Einfach
149;Welcher Champion in LoL wirft Äxte, die er wieder auffangen muss, um seinen Schaden zu maximieren?;Draven;Mittel
150;Wie hieß die erste Heimkonsole von Sony, die 1994 den Markt revolutionierte?;PlayStation (PS1);Einfach
151;"Was versteht man unter dem Begriff ""Aggro"" inMMORPGs?";Die Aufmerksamkeit bzw. der Hass eines Monsters auf einen bestimmten Spieler;Einfach
152;"Welcher französische CS:GO-Spieler ging als ""The King of Banana"" in die Geschichte der Map Inferno ein?";NBK- (Nathan Schmitt);Mittel
153;Welche renommierte amerikanische Universität bot als erste Sportstipendien explizit für League of Legends-Spieler an?;Robert Morris University;Mittel
154;Welcher Begriff beschreibt das schnelle, fehlerfreie Nutzen von Fähigkeiten direkt nach dem Flashen in LoL?;Animation Canceling;Mittel
155;Wie viele Champion-Klassen unterscheidet man grob im klassischen Rollenspiel-Dreieck (Holy Trinity)?;3 (Tank, Heiler, Damage Dealer);Einfach
156;"Aus welchem Spiel stammt der bekannte ""G-Man"", der im Anzug die Fäden im Hintergrund zieht?";Half-Life;Mittel
157;Welcher eSportler hält den Rekord für die meisten gewonnenen Counter-Strike Majors als In-Game Leader?;gla1ve (4 Majors mit Astralis);Mittel
158;Wie heißt das eSport-Franchise-System der nordamerikanischen League of Legends-Liga?;LCS (League Championship Series);Mittel
159;Welches Rennspiel-Franchise von Sony gilt als die realistischste Fahrsimulation auf Konsolen?;Gran Turismo;Einfach
160;Welcher Held im Shooter Overwatch kann die Zeit zurückdrehen und ist das Gesicht des Spiels?;Tracer;Mittel
161;"Was beschreibt der ""Netcode"" in einem kompetitiven Online-Shooter?";Die Software-Architektur zur Synchronisation der Spielerbewegungen über das Internet;Mittel
162;"Welches MMORPG aus Südkorea ist berühmt für sein extrem actionreiches Kampfsystem und die ""Black Desert""?";Black Desert Online;Mittel
163;Wie nennt man die Taktik, bei der man in StarCraft extrem früh billige Einheiten baut, um den Gegner zu überrennen?;Rush (z.B. Zergling-Rush);Einfach
164;Wie hoch ist das maximale Startgeld, das ein Spieler in einer Standardrunde Counter-Strike 1.6 haben konnte?;16.000 $;Mittel
165;Welches Item gewährt in Dota 2 temporäre Immunität gegen die meisten Zaubersprüche und ist ein absolutes Kern-Item?;Black King Bar (BKB);Mittel
166;Wie hieß das ikonische schwedische Duo, das jahrelang die Bot-Lane von G2 Esports in LoL dominierte?;Zven und Mithy (Hinweis: Zven ist Däne, Mithy Spanier - Korrektur: Rekkles und Hylissang bei Fnatic);Mittel
167;Wie nennt man die Position im eSport, die für die Analyse der Gegner und das Ausarbeiten von Taktiken abseits des Servers zuständig ist?;Analyst / Coach;Einfach
168;"Welches Indie-Spiel rund um ein kleines Insekt im verfallenen Königreich ""Heilandsnest"" gilt als Metroidvania-Meisterwerk?";Hollow Knight;Mittel
169;Wie heißt das fiktive Element, das in der Mass Effect-Reihe interstellare Reisen ermöglicht?;"Element Zero (""Eezo"")";Mittel
170;Welches Studio entwickelte den extrem schweren eSport-Plattformer Cuphead im klassischen 1930er-Cartoon-Stil?;Studio MDHR;Mittel
171;"Welches Team gewann das historisch tränenreiche ""Incredible Miracle"" im koreanischen StarCraft-Bereich?";LG-IM;Schwer
172;"Welches eSport-Event im Jahr 2000 in Seoul gilt als das erste offizielle ""World Cyber Games"" (WCG) Turnier?";WCG Challenge Tournament 2000;Schwer
173;Wie lautet der exakte Name des ersten Boss-Gegners, den man im ursprünglichen Dota-Modifikations-Code besiegen konnte?;Tael (Roshan kam erst später);Schwer
174;"Welcher Counter-Strike Spieler erzielte den legendären ""KQLY-Shot"" mit einer USP-S im Sprung auf der Map Dust II?";KQLY (Hovik Tovmassian);Schwer
175;Wie heißt das mathematische System zur Berechnung der Elo-Zahl, das ursprünglich für Schach entwickelt wurde, aber fast allen eSport-Ranglisten zugrunde liegt?;Arpad-Elo-System;Schwer
176;Welches Team hielt 2018 die längste ungeschlagene Match-Serie in der Geschichte der Overwatch League (28 Siege)?;Vancouver Titans (oder New York Excelsior);Schwer
177;Wie hieß der Software-Bug im Klassiker Quake III Arena, der es Spielern erlaubte, durch diagonales Springen unendlich Beschleunigung aufzubauen?;Strafe-Jumping (Defrag);Schwer
178;Welcher League of Legends-Gegenstand wurde im Jahr 2018 aus dem Spiel entfernt, weil er Junglern kostenlose Sicht-Wards gab?;Tracker's Knife (Messer des Fährtenlesers);Schwer
179;"Welches südkoreanische StarCraft-Team wurde von der Fluggesellschaft ""Air Force"" betrieben, um eSportlern den Militärdienst zu ermöglichen?";Air Force ACE;Schwer
180;Wie heißt die Engine-Modifikation von Valve, welche die Tickrate von Counter-Strike 2 unabhängig von 64 oder 128 Ticks berechnet?;Sub-tick System;Schwer
181;Welcher dänische eSportler gewann als erster Spieler weltweit über 5 Millionen Dollar reines Preisgeld in Dota 2?;N0tail;Schwer
182;Wie hieß das berüchtigte amerikanische Team, das beim CPL Summer 2004 im Finale gegen Eyeballers verlor?;Team 3D;Schwer
183;"Welcher League of Legends-Profi gilt als Erfinder des ""Insec-Kicks"" mit dem Champion Lee Sin?";InSec (Choi In-seok);Schwer
184;"Welches Major-Turnier im Jahr 2014 gilt aufgrund des ""Olofboosts"" auf Overpass als das umstrittenste der CS:GO-Geschichte?";DreamHack Winter 2014;Schwer
185;Wie hieß die erste weibliche eSport-Spielerin, die ein großes internationales StarCraft II-Turnier (IEM PyeongChang 2018) gewann?;Scarlett (Sasha Hostyn);Schwer
186;Welches System nutzt der Taktik-Shooter Valorant als Kernel-Treiber-basierten Kopier- und Anti-Cheat-Schutz?;Vanguard;Schwer
187;"Welcher StarCraft-Profi hatte den treffenden Spitznamen ""The Tyrant"" für sein extrem aggressives Zerg-Playstyle?";Jaedong (Lee Jae-dong);Schwer
188;Welcher Champion hatte vor seinem vollständigen Rework in LoL die passive Fähigkeit, getötete Vasallen als permanente Angriffskraft (AD) zu stacken?;Sion;Schwer
189;Wie hieß der legendäre Austragungsort der ersten weltweiten eSport-Meisterschaften der CPL (Cyberathlete Professional League)?;Dallas, Texas;Schwer
190;Wie nannte man das Phänomen im klassischen DotA Allstars, bei dem zwei exakt zeitgleiche Zauber den Server abstürzen ließen?;Fatal Error Bug;Schwer
191;Welcher CS:GO-Spieler war der erste, der vom HLTV-Magazin dreimal zum besten Spieler des Jahres gewählt wurde?;s1mple (Oleksandr Kostyliev);Schwer
192;"Wie hieß das Entwicklerstudio, das vor Riot Games das Konzept von League of Legends unter dem Namen ""Loco"" pitchte?";GoA;Schwer
193;"Welches Team verlor im ""Naniwa-Protest-Match"" der GSL absichtlich mit Workern, was zu einem riesigen Skandal führte?";Quantic Gaming (Naniwa);Schwer
194;Wie hieß das allererste internetfähige Strategiespiel von Westwood Studios, das 1995 den Grundstein für Online-Ligen legte?;Command & Conquer: Der Tiberiumkonflikt;Schwer
195;"Welches Rüstungsset in World of Warcraft (Klassik) war als ""Tier 3"" bekannt und konnte nur in der schwebenden Festung Naxxramas erbeutet werden?";T3-Set;Schwer
196;Wie heißt der ursprüngliche Schöpfer des kompetitiven Karten-Designs der Map de_inferno in Counter-Strike?;"Chris ""Barney"" Auty";Schwer
197;Welcher League of Legends-Profi schaffte es, in vier verschiedenen eSport-Regionen (Europa, Nordamerika, Korea, China) offiziell auf dem Server zu stehen?;CoreJJ (oder Trick) -> Korrektur: Wadid / LirA;Schwer
198;Welcher berühmte Spieleentwickler schrieb den vollständigen KI-Code für die Monster im Meilenstein Half-Life (1998)?;Yahn Bernier;Schwer
199;Welches Team gewann die historische ESL One Katowice 2014 im Finale gegen Ninjas in Pyjamas vor heimischem Publikum?;"Virtus.pro (""Virtus.Plow"")";Schwer
200;Welches Jahr markiert das Ende des Supports und das finale Abschalten der offiziellen Server für Counter-Strike 1.6 im alten WON-Netzwerk?;2004;Schwer
201;Welches nützliche Utensil nutzt man am PC, um das Kabel einer Kabelmaus flexibel in der Luft zu halten?;Mouse Bungee;Einfach
202;Welches legendäre Rollenspiel-Franchise von Bethesda nutzt den Spruch „War. War never changes.“?;Fallout;Einfach
203;Aus welchem weltbekannten Klötzchenspiel stammt der unheimliche, lautlose Gegner namens „Creeper“?;Minecraft;Einfach
204;Welches beliebte Peripherie-Gerät wandelt die Handbewegungen eines Spielers in digitale Kameradrehungen um?;Maus;Einfach
205;Welches Kürzel steht im Gaming-Jargon für das wiederholte Besiegen computergesteuerter Gegner, um Erfahrungspunkte zu sammeln?;XP-Grinding (oder Farmen);Einfach
206;Wie heißt der blaue Igel von Sega, der für seine immense Laufgeschwindigkeit weltberühmt ist?;Sonic;Einfach
207;Wie nennt man den Spielmodus in Taktik-Shootern wie Counter-Strike, bei dem man nach einem Tod sofort wiederbelebt wird?;Deathmatch;Einfach
208;Welches von Kritikern gefeierte Piraten-Onlinespiel von Rare lässt Spieler gemeinsam Schiffe steuern und Schätze heben?;Sea of Thieves;Einfach
209;Welches Spielgenre versteckt sich hinter der Abkürzung „RPG“?;Role-Playing Game (Rollenspiel);Einfach
210;Aus welcher Videospielreihe stammt der geflügelte Satz „It’s-a me, Mario!“?;Super Mario;Einfach
211;Welcher eSport-Shooter von Blizzard verhalf Teams wie den San Francisco Shock in einer eigenen Franchise-Liga zu Weltruhm?;Overwatch;Einfach
212;Wie heißt der fiktive Hauptort und die Heimatregion, in der die Handlung von Grand Theft Auto: San Andreas spielt?;San Andreas (Städte: Los Santos, San Fierro, Las Venturas);Einfach
213;Welcher Spieleentwickler betreibt die populäre Plattform Epic Games Store und erfand die Unreal Engine?;Epic Games;Einfach
214;Wie nennt man im Gaming das unfaire Ausnutzen eines Programmierfehlers, um sich einen Vorteil zu verschaffen?;Exploit (Exploiten);Einfach
215;Welcher eSport-Klassiker wird traditionell auf einem geteilten Bildschirm (Split-Screen) als Rennspiel mit Bananenschalen gespielt?;Mario Kart;Einfach
216;Welcher Gegenstand blockiert im eSport-Titel League of Legends die Sicht des gegnerischen Teams in einem Busch?;Control Ward (oder Oracle Lens zum Aufdecken);Einfach
217;Wie heißt die wichtigste, jährlich stattfindende Weltmeisterschaft im eSport-Titel League of Legends?;Worlds (World Championship);Einfach
218;Was versteht man im Gaming unter dem Begriff „NPC“?;Non-Player Character (Nicht-Spieler-Charakter);Einfach
219;Welcher Taktik-Shooter von Riot Games nutzt Charaktere mit magischen Fähigkeiten, orientiert sich spielerisch aber stark an Counter-Strike?;Valorant;Einfach
220;Welches Strategiespiel-Urgestein von Microsoft lässt Spieler von der Steinzeit bis in die Kaiserzeit Imperien aufbauen?;Age of Empires;Einfach
221;Welcher schwedische CS:GO-Profi wurde weltberühmt für seine aggressiven und unvorhersehbaren Spielzüge mit der AWP und hieß „jw“?;Jesper Wecksell (JW);Mittel
222;Welcher League of Legends-Champion verwandelt sich bei Aktivierung seiner ultimativen Fähigkeit in einen riesigen, unaufhaltsamen Drachen?;Shyvana;Mittel
223;Wie nennt man das strategische Manöver in MOBAs, bei dem man die gegnerischen Vasallen absichtlich nahe am eigenen Turm einfriert?;Wave Freezing;Mittel
224;Welches eSport-Franchise gewann im Jahr 2019 das allererste offizielle Fortnite World Cup Solo-Turnier?;Bugha (Kyle Giersdorf);Mittel
225;Wie heißt der Gründer und CEO des erfolgreichen eSport-Clans G2 Esports, der früher selbst als „Ocelote“ Profi in LoL war?;Carlos Rodríguez;Mittel
226;Was bewirkt der „Kevlar + Helm“-Kauf in Counter-Strike primär beim Treffer einer gegnerischen Granate oder Pistole?;Verhindert den Aim-Punch (Zucken des Fadenkreuzes bei Treffern);Mittel
227;Welcher Champion in League of Legends schießt eine gigantische, globale Kristallpfeil-Ultimative quer über die gesamte Karte?;Ashe;Mittel
228;Welches nordamerikanische eSport-Team ist weltbekannt für sein schwarz-grünes Logo und seine historische Dominanz im Konsolen-Shooter Call of Duty?;OpTic Gaming;Mittel
229;Wie viele Lanes (Hauptwege) besitzt die eSport-Karte Summoner's Rift in League of Legends?;3 (Top, Mid, Bot);Einfach
230;Welcher ukrainische Counter-Strike-Ausnahmespieler wurde von der Community ehrfürchtig als „The Undertaker“ oder „S1mple“ gefeiert?;s1mple (Oleksandr Kostyliev);Einfach
231;Was versteht man im eSport-Jargon unter dem Begriff „Netgraph“ bei PC-Shootern?;Eine Bildschirmanzeige für FPS, Ping und Paketverlust;Mittel
232;Welches eSport-Team gewann die allererste Season der offiziellen Overwatch League (OWL) im Jahr 2018?;London Spitfire;Mittel
233;Wie heißt die spezielle In-Game-Position in League of Legends, die sich ausschließlich im Wald aufhält und neutrale Monster besiegt?;Jungler;Einfach
234;Welches Team besiegte im Jahr 2021 sensationell die Favoriten von PSG.LGD und gewann das geschichtsträchtige Dota 2-Turnier „The International 10“?;Team Spirit;Mittel
235;Wie nennt man das Zeitfenster direkt nach der Veröffentlichung eines neuen Patches, in dem Spieler die stärksten Kombinationen austesten?;Meta-Shaping (The Theorycrafting Phase);Mittel
236;Welcher dänische eSportler gilt als einer der besten mechanischen Mid-Laner Europas und feierte epische Erfolge mit G2 Esports?;Caps (Rasmus Winther);Mittel
237;Welche Tastenkombination öffnet in den meisten Source-Engine-Spielen wie CS:GO oder CS2 die Entwicklerkonsole?;Tilde-Taste (~) / Ö-Taste auf deutschen Tastaturen;Mittel
238;Wie heißt der ikonische französische Counter-Strike-Spieler, der für seine virtuosen Einzelschüsse mit der Desert Eagle als „ScreaM“ bekannt war?;Adil Benrlitom (ScreaM);Mittel
239;Welches historische eSport-Team dominierte die frühe europäische League of Legends-Szene ab 2012 unter dem Namen „Moscow Five“?;Moscow Five (M5 / später Gambit Gaming);Mittel
240;Wie nennt man die Taktik im eSport, bei der man die Minimap des Gegners durch illegales Zuschauen im Stream ausspioniert?;Streamsniping;Einfach
241;Welches asiatische Land veranstaltet die Profiliga „LCK“, welche als die kompetitivste und erfolgreichste Liga in League of Legends gilt?;Südkorea;Einfach
242;Welcher dänische Spieler war der absolute Star-AWPer des legendären Astralis-Lineups, das vier Majors dominierte?;dev1ce (Nicolai Reedtz);Mittel
243;Wie nennt man das strategische Kaufen von Waffen für Teammates in Counter-Strike, wenn diese selbst kein In-Game-Geld haben?;Droppen (Waffe spenden);Einfach
244;Welches Item kauft man in Dota 2, um unsichtbare Einheiten und gegnerische Wards im Umkreis aufzudecken?;Sentry Ward (oder Dust of Appearance);Mittel
245;Wie heißt die offizielle Profiliga von League of Legends in Nordamerika?;LCS (League Championship Series);Mittel
246;Welches Team sicherte sich im Oktober 2023 den prestigeträchtigen Titel der League of Legends Weltmeisterschaft (Worlds 2023) in Südkorea?;T1;Mittel
247;Welcher Begriff beschreibt das Phänomen, bei dem ein eSport-Profi unter dem immensen Druck eines Live-Turniers plötzlich spielerisch einbricht?;Choken (Choking);Mittel
248;Wie hieß der gefürchtete und extrem schnelle Spielstil der Zerg-Spieler im eSport-Klassiker StarCraft: Brood War, der auf Mutalisken basierte?;Mutalisk Micro / Muta-Harass;Mittel
249;Welcher amerikanische eSport-Klub ist berühmt für sein blau-weißes Blitz-Logo und feierte Meisterschaften in LoL, CS und Valorant?;Cloud9;Mittel
250;Wie nennt man das akustische Signal in Counter-Strike, das ertönt, wenn ein Defuse-Kit beim Entschärfen der Bombe verwendet wird?;Das „Klicken“ des Kits (Ankündigungssound);Einfach
251;Welcher legendäre Turniermodus wurde auf der CPL (Cyberathlete Professional League) im Jahr 2001 im Finale von Counter-Strike 1.6 gespielt?;MaxRounds 12 (MR12 - genau wie heute in CS2!);Schwer
252;Wie lautet der Name des berühmten Bugs im originalen StarCraft, bei dem Einheiten unendlich Mineralien abbauen konnten, wenn man die Befehle frame-perfekt abbrach?;Mayfly-Mining / Drone Drilling Bug;Schwer
253;Welcher französische In-Game-Leader revolutionierte die CS:GO-Szene durch seinen extrem riskanten, aber genialen „Force-Buy“-Stil mit Team EnVyUs?;Happy (Vincent Schopenhauer);Schwer
254;Wie hieß das historische erste Preisgeld-Turnier der eSport-Geschichte, das 1970 an der Stanford-Universität im Spiel Spacewar! ausgetragen wurde?;Intergalactic Spacewar Olympics;Schwer
255;Welcher League of Legends-Spieler löste beim Mid-Season Invitational 2015 den ungeschlagenen LeBlanc-Pick von Faker mit seinem Counter-Pick Morgana auf?;Pawn (Heo Won-seok / Team EDG);Schwer
256;Welches schwedische Team gewann im Jahr 2013 das geschichtsträchtige, allererste Dota 2 Major-Turnier namens „The International 3“ mit einem legendären „Rat-Dota“-Sieg?;Alliance;Schwer
257;Welcher spezifische Befehl in der Konsole von Counter-Strike: Source stellte die exakte Tickrate des Clienten auf die maximale Server-Synchronisation ein?;cl_cmdrate 66 (oder 100 je nach Server);Schwer
258;Wie hieß die erste professionelle eSport-Liga für Frauen, die bereits im Jahr 2003 gegründet wurde und weltweite Turniere organisierte?;Cyberathlete Female League (CFL);Schwer
259;Welcher StarCraft II-Spieler (Terraner) wurde für sein absurdes Multitasking und seine perfekten Splits gegen Banelinge als „The Marine King“ bezeichnet?;MarineKing (Lee Jung-hoon);Schwer
260;Wie heißt das mathematische System hinter der Platzierung von kosmetischen Stickern auf Waffen-Skins in Counter-Strike 2, das absolute Pixel-Präzision erlaubt?;XYZ-Koordinaten-Sticker-System (Custom Sticker Placement);Schwer
261;Welcher berühmte Vorfall bei der LoL-Weltmeisterschaft 2012 führte zu einer Geldstrafe von 30.000 Dollar für das Team Azubu Frost, weil ein Spieler auf die Hauptleinwand schaute?;Screen-Looking Scandal (Woong Minimap-Cheat);Schwer
262;Wie hieß der legendäre Modder, der nach dem Ausscheiden von „Eul“ das Projekt DotA Allstars übernahm, bevor er es schlussendlich an IceFrog übergab?;Guinsoo (Steve Feak);Schwer
263;Welches Team schaffte den historischen „Grand Slam“ der IEM im Jahr 2019 im Rekordtempo von nur 63 Tagen im eSport-Bereich von CS:GO?;Team Liquid;Schwer
264;Wie lautet der exakte In-Game-Name der Waffe in Counter-Strike 1.6, die im echten Leben als „Steyr TMP“ bekannt ist und exklusiv von den Counter-Terroristen gekauft werden konnte?;Schmidt Machine Pistol (TMP);Schwer
265;Welcher professionelle Tekken-Spieler aus Pakistan schockierte 2019 die weltweite Fighting-Game-Community, indem er ungesponsert die EVO Japan und EVO Vegas dominierte?;Arslan Ash (Arslan Siddique);Schwer
266;Welcher League of Legends-Champion hatte in der Alpha-Version des Spiels eine globale Ultimative, die alle gegnerischen Champions auf der Karte ohne Vorwarnung betäubte?;Twisted Fate (seine E war global, das R deckte auf und verlangsamte);Schwer
267;Wie hieß das ikonische Counter-Strike 1.6-Video aus dem Jahr 2005 von Pubstars, das die eSport-Videobearbeitung revolutionierte?;Annihilation 2;Schwer
268;Welches südkoreanische StarCraft-Team brachte die meisten Gewinner der renommierten Osl (OnGameNet Starleague) hervor und wurde von einem Telekommunikations-Riesen gesponsert?;SK Telecom T1;Schwer
269;Wie heißt das Phänomen in alten Röhrenmonitoren (CRT), das eSportler im Jahr 2000 nutzten, um absolut verzögerungsfrei mit 100 bis 120 Hertz zu spielen?;Zero Input Lag (Natives Elektronenstrahl-Verfahren);Schwer
270;Welcher CS:GO-Profi vollbrachte das Kunststück, auf der Map Overpass ein Ninja-Defuse mitten in einer brennenden Molotov-Granate durchzuziehen, wofür er ein Graffiti erhielt?;olofmeister (Olof Kajbjer);Schwer
271;Welches Team verlor das legendäre „InSec-Match“ bei den All-Stars 2013 gegen das dänisch-europäische Lineup?;NA LCS All-Stars;Schwer
272;Wie hieß das spektakuläre Anti-Cheat-System, das bei den klassischen LAN-Turnieren der ESL in den 2000er Jahren als physisches Boot-System via CD eingesetzt wurde?;ACON (ESL Trusted / EAS CD-Check);Schwer
273;Welches eSport-Team hielt den historischen Rekord für das längste ungeschlagene Match-Wochenende in StarCraft II mit 36 gewonnenen Individual-Maps in Folge?;Incredible Miracle (IM);Schwer
274;Wie heißt der ursprüngliche Entwickler der Map de_train, die über zwei Jahrzehnte ein absoluter Kernbestandteil des eSport-Mappools in Counter-Strike war?;Christopher „Barney“ Auty;Schwer
275;Welcher League of Legends-Profi hält den ewigen Rekord für die meisten kumulierten Kills in der Geschichte der europäischen Profiliga (LEC)?;Rekkles (Martin Larsson);Schwer
276;Wie hoch war die Tickrate der offiziellen Matchmaking-Server, die Valve während der gesamten Ära von CS:GO bereitstellte?;64 Tick;Mittel
277;Welches asiatische Team sicherte sich den allerersten Sieg beim Valorant Champions Weltmeisterschaftsturnier im Jahr 2021?;Acend (Europäisches Team - Korrektur: Acend bezwang Gambit);Schwer
278;Wie hieß der Software-Bug in Counter-Strike 1.6, bei dem man durch extrem schnelles, abwechselndes Drücken von Ducken-Befehlen völlig lautlos über Kisten laufen konnte?;Silent Run (Russian Walking);Schwer
279;Welcher Dota 2-Spieler wurde durch das legendäre „The Play“-Video auf dem TI2 weltberühmt, bei dem er als Juggernaut das Blatt gegen Team iG wendete?;Yentu „Patience“ / Korrektur: LightofHeaven (mit Enigma);Schwer
280;Wie heißt der exakte Name des Studio-Hauptquartiers in Seoul, aus dem über ein Jahrzehnt die legendären GSL-Übertragungen in StarCraft II gesendet wurden?;FreecUp Studio (ehemals GOMTV Studio);Schwer
281;Aus welchem klassischen eSport-Shooter stammt der Begriff „Rocket Jumping“, bei dem man eine Rakete vor die eigenen Füße schießt, um enorme Höhen zu erreichen?;Quake (oder Team Fortress);Einfach
282;Wie nennt man im kompetitiven Gaming das unfaire Abspratschen von Match-Ergebnissen zwischen Teams vor dem Spiel?;Match-Fixing;Einfach
283;Welcher schwedische Profi gilt als einer der erfolgreichsten Counter-Strike 1.6-Spieler aller Zeiten und formte das unschlagbare Fnatic-Lineup von 2009?;f0rest (Patrik Lindberg);Mittel
284;Welcher Champion in League of Legends besitzt eine passive Fähigkeit namens „Anilin“, die ihn nach dem Tod als Ei wiederbeleben lässt?;Anivia;Mittel
285;Was versteht man unter dem Begriff „Peeker's Advantage“ in kompetitiven Online-Shootern?;Der minimale Zeitvorteil des angreifenden Spielers durch Netzwerklatenz beim Um-die-Ecke-Laufen;Mittel
286;Wie heißt der offizielle, jährlich ausgetragene Circuit von High-End-Turnieren im Counter-Strike-Bereich, der von der ESL organisiert wird?;ESL Pro Tour (Intel Extreme Masters);Mittel
287;Welche Tastatur-Technologie wird von eSportlern bevorzugt, da sie mechanische Schalter mit linearem oder taktilem Feedback bietet?;Mechanische Tastatur (Mechanical Switches);Einfach
288;Welches Team gewann die allererste League of Legends Weltmeisterschaft (Worlds) im Jahr 2011 in Jönköping, Schweden?;Fnatic;Mittel
289;Wie nennt man den In-Game-Gegenstand in Counter-Strike, der feindliche Radarsignale blockiert und fälschlicherweise Schüsse vortäuscht?;Ködergranate (Decoy);Einfach
290;Welcher US-amerikanische eSport-Klub wurde von den Brüdern Andy und Dan Dinh gegründet und feierte unter der Abkürzung „TSM“ riesige Erfolge?;Team SoloMid (TSM);Mittel
291;Welches Team durchbrach 2019 die jahrelange asiatische Dominanz und gewann das LoL Mid-Season Invitational (MSI) für Europa?;G2 Esports;Mittel
292;Wie lautet die offizielle Bezeichnung für das maximale Level, das ein einzelner Champion in einer Standardrunde League of Legends erreichen kann?;Level 18;Einfach
293;Welcher legendäre CS:GO-Spieler aus Bosnien gilt als einer der besten Aim-Götter der Shooter-Geschichte und spielt unter dem Kürzel „NiKo“?;NiKo (Nikola Kova?);Mittel
294;Welches Strategiespiel von Blizzard brachte die eSport-Kultur in den späten 90er Jahren in südkoreanischen PC-Bangs erst richtig zum Explodieren?;StarCraft;Einfach
295;Wie nennt man die Phase direkt vor dem Start einer Runde in Counter-Strike 2, in der sich Spieler nicht bewegen, aber Ausrüstung kaufen können?;Freeze Time (Kaufphase);Einfach
296;Welcher eSport-Klub ist bekannt für sein Logo mit dem brennenden, roten Phönix und dominiert die chinesische LoL-Szene unter dem Namen FPX?;FunPlus Phoenix;Mittel
297;Was bedeutet die Abkürzung „GGWP“, die eSportler traditionell als Zeichen des Respekts nach einem Match in den Chat schreiben?;Good Game, Well Played;Einfach
298;Welcher Taktik-Shooter von Ubisoft schickt eSport-Teams in 5v5-Matches als Angreifer und Verteidiger in hochgradig zerstörbare Gebäude?;Tom Clancy's Rainbow Six Siege;Einfach
299;Wie heißt das gigantische lila Dschungel-Monster in League of Legends, das nach 20 Minuten Spielzeit auf der Karte erscheint?;Baron Nashor;Einfach
300;Welcher legendäre Spielzug des Spielers „Daigo“ im Spiel Street Fighter III ging als „Evo Moment 37“ in die eSport-Geschichte ein?;Der perfekte Parry aller Schläge von Chun-Lis Special-Move mit nur 1 HP Restleben;Schwer
